{
    "FFPP": {
        "accuracy": 0.9675590135830147,
        "precision": 0.9342783505154639,
        "recall": 0.9386328327291559,
        "f1_score": 0.9364505295789202,
        "specificity": 0.9774416135872457,
        "sensitivity": 0.9386328327267255,
        "balanced_accuracy": 0.9580372231586332,
        "mcc": 0.9146755962069782,
        "cohen_kappa": 0.914671139184191,
        "auc": 0.9948510914226593,
        "average_precision": 0.9853169484428527,
        "eer": 0.03812809624911536,
        "fpr@95tpr": 0.02945859872611465,
        "confusion_matrix": [
            [
                11049,
                255
            ],
            [
                237,
                3625
            ]
        ],
        "accuracy_ci": [
            0.611827442964526,
            0.6268643676645127
        ],
        "f1_ci": [
            0.24307642786707193,
            0.26825863843725223
        ],
        "auc_ci": [
            0.49039487873524273,
            0.5103241983516891
        ]
    },
    "DFDC": {
        "accuracy": 0.3008001875273033,
        "precision": 0.6694869486948695,
        "recall": 0.20335183311917326,
        "f1_score": 0.3119508461425546,
        "specificity": 0.6452002512195539,
        "sensitivity": 0.20335183311914545,
        "balanced_accuracy": 0.4242760421695195,
        "mcc": -0.14771630127636917,
        "cohen_kappa": -0.08046235849003547,
        "auc": 0.43088521150124975,
        "average_precision": 0.7148090847205908,
        "eer": 0.546934634523407,
        "fpr@95tpr": 0.9419295618145804,
        "confusion_matrix": [
            [
                13355,
                7344
            ],
            [
                58278,
                14876
            ]
        ],
        "accuracy_ci": [
            0.34969526813207885,
            0.35602804385581704
        ],
        "f1_ci": [
            0.3594481425811678,
            0.36719769730351803
        ],
        "auc_ci": [
            0.4953778118316653,
            0.5043654210619574
        ]
    },
    "CelebDF": {
        "accuracy": 0.8480649312085519,
        "precision": 0.7743940335612182,
        "recall": 0.9836194987171897,
        "f1_score": 0.866556550465096,
        "specificity": 0.711675933278968,
        "sensitivity": 0.9836194987152485,
        "balanced_accuracy": 0.8476477159987854,
        "mcc": 0.7229765587848569,
        "cohen_kappa": 0.6958740996327197,
        "auc": 0.968634711074932,
        "average_precision": 0.9690883408208979,
        "eer": 0.09253375694996029,
        "fpr@95tpr": 0.17017474185861795,
        "confusion_matrix": [
            [
                3584,
                1452
            ],
            [
                83,
                4984
            ]
        ],
        "accuracy_ci": [
            0.49064386815797284,
            0.5103434623379194
        ],
        "f1_ci": [
            0.5500473193937021,
            0.5713798350472533
        ],
        "auc_ci": [
            0.4873567661270104,
            0.5114872274050903
        ]
    },
    "WildFake": {
        "accuracy": 0.9341134424717547,
        "precision": 0.9032614149523331,
        "recall": 0.9805010893246188,
        "f1_score": 0.9402977278662836,
        "specificity": 0.8819784524964717,
        "sensitivity": 0.9805010893235505,
        "balanced_accuracy": 0.9312397709110851,
        "mcc": 0.8707087758640487,
        "cohen_kappa": 0.8670727624564876,
        "auc": 0.9905095459938247,
        "average_precision": 0.9917001788828825,
        "eer": 0.04982859941234084,
        "fpr@95tpr": 0.049338883447600394,
        "confusion_matrix": [
            [
                7204,
                964
            ],
            [
                179,
                9001
            ]
        ],
        "accuracy_ci": [
            0.49699965413880565,
            0.5111252017523634
        ],
        "f1_ci": [
            0.5429223385864574,
            0.5595214806727683
        ],
        "auc_ci": [
            0.49213863143976805,
            0.5082013123159249
        ]
    }
}