{
    "accuracy": 0.8480649312085519,
    "precision": 0.7743940335612182,
    "recall": 0.9836194987171897,
    "f1_score": 0.866556550465096,
    "specificity": 0.711675933278968,
    "sensitivity": 0.9836194987152485,
    "balanced_accuracy": 0.8476477159987854,
    "mcc": 0.7229765587848569,
    "cohen_kappa": 0.6958740996327197,
    "auc": 0.968634711074932,
    "average_precision": 0.9690883408208979,
    "eer": 0.09253375694996029,
    "fpr@95tpr": 0.17017474185861795,
    "confusion_matrix": [
        [
            3584,
            1452
        ],
        [
            83,
            4984
        ]
    ],
    "accuracy_ci": [
        0.49064386815797284,
        0.5103434623379194
    ],
    "f1_ci": [
        0.5500473193937021,
        0.5713798350472533
    ],
    "auc_ci": [
        0.4873567661270104,
        0.5114872274050903
    ]
}