{
    "accuracy": 0.3008001875273033,
    "precision": 0.6694869486948695,
    "recall": 0.20335183311917326,
    "f1_score": 0.3119508461425546,
    "specificity": 0.6452002512195539,
    "sensitivity": 0.20335183311914545,
    "balanced_accuracy": 0.4242760421695195,
    "mcc": -0.14771630127636917,
    "cohen_kappa": -0.08046235849003547,
    "auc": 0.43088521150124975,
    "average_precision": 0.7148090847205908,
    "eer": 0.546934634523407,
    "fpr@95tpr": 0.9419295618145804,
    "confusion_matrix": [
        [
            13355,
            7344
        ],
        [
            58278,
            14876
        ]
    ],
    "accuracy_ci": [
        0.34969526813207885,
        0.35602804385581704
    ],
    "f1_ci": [
        0.3594481425811678,
        0.36719769730351803
    ],
    "auc_ci": [
        0.4953778118316653,
        0.5043654210619574
    ]
}