{
    "accuracy": 0.9675590135830147,
    "precision": 0.9342783505154639,
    "recall": 0.9386328327291559,
    "f1_score": 0.9364505295789202,
    "specificity": 0.9774416135872457,
    "sensitivity": 0.9386328327267255,
    "balanced_accuracy": 0.9580372231586332,
    "mcc": 0.9146755962069782,
    "cohen_kappa": 0.914671139184191,
    "auc": 0.9948510914226593,
    "average_precision": 0.9853169484428527,
    "eer": 0.03812809624911536,
    "fpr@95tpr": 0.02945859872611465,
    "confusion_matrix": [
        [
            11049,
            255
        ],
        [
            237,
            3625
        ]
    ],
    "accuracy_ci": [
        0.611827442964526,
        0.6268643676645127
    ],
    "f1_ci": [
        0.24307642786707193,
        0.26825863843725223
    ],
    "auc_ci": [
        0.49039487873524273,
        0.5103241983516891
    ]
}