{
    "accuracy": 0.9341134424717547,
    "precision": 0.9032614149523331,
    "recall": 0.9805010893246188,
    "f1_score": 0.9402977278662836,
    "specificity": 0.8819784524964717,
    "sensitivity": 0.9805010893235505,
    "balanced_accuracy": 0.9312397709110851,
    "mcc": 0.8707087758640487,
    "cohen_kappa": 0.8670727624564876,
    "auc": 0.9905095459938247,
    "average_precision": 0.9917001788828825,
    "eer": 0.04982859941234084,
    "fpr@95tpr": 0.049338883447600394,
    "confusion_matrix": [
        [
            7204,
            964
        ],
        [
            179,
            9001
        ]
    ],
    "accuracy_ci": [
        0.49699965413880565,
        0.5111252017523634
    ],
    "f1_ci": [
        0.5429223385864574,
        0.5595214806727683
    ],
    "auc_ci": [
        0.49213863143976805,
        0.5082013123159249
    ]
}